Id_comuna;Id_comisaria;Nombre_comisaria;Direccion;Fono;Tipo;;;;;
15101;1;5TA COMISARIA CONTROL ORDEN PUBLICO;18 DE SEPTIEMBRE N 960;582458169;COMISARIA;;;;;
15101;2;4A. COMISARiA CHACALLUTA;RUTA 5 NORTE KM 2086;582458200;COMISARIA;;;;;
15101;3;3A. COMISARIA ARICA;AVENIDA LOA N 1475;582458132;COMISARIA;;;;;
15101;4;1A. COMISARIA ARICA;AVENIDA SANTA MARIA N 900;582458082;COMISARIA;;;;;
15101;5;SUBCOMISARiA I.A.T. ARICA;DIECIOCHO DE SEPTIEMBRE N 1960;582458050;SUBCOMISARIA;;;;;
15101;6;SUBCOMISARiA CHINCHORRO NORTE;CALLE ANDALIEN N∞ 837;582452157;SUBCOMISARIA;;;;;
15101;7;RETEN SAN MIGUEL DE AZAPA;RUTA A27 KM 12;582458164;RETEN;;;;;
15101;8;RETEN POCONCHILE (F);RUTA CH11 KM 27;582458153;RETEN;;;;;
15101;9;RETEN CENTRAL (F);VEINTIUNO DE MAYO S/N;582458154;RETEN;;;;;
15102;10;RETEN CODPA;RUTA A35 KM. 47;582458163;RETEN;;;;;
15102;11;TENENCIA CARRETERA ARICA;RUTA 5 NORTE KM 1968;582458166;TENENCIA;;;;;
15201;12;2A. COMISARIA PUTRE;ERNESTO RIQUELME N∞ 298;582458101;COMISARIA;;;;;
15201;13;TENENCIA CHUNGARA (F);RUTA CH11 KM 185;582458122;TENENCIA;;;;;
15201;14;RETEN CHUCUYO (F);RUTA CH11 KM 159;582458126;RETEN;;;;;
15201;15;RETEN CHAPIQUINA;RUTA A31, KM 150.600;582458116;RETEN;;;;;
15201;16;RETEN GUALLATIRE (F);RUTA A95 KM. 137;582458127;RETEN;;;;;
15202;17;TENENCIA VISVIRI (F);RUTA A093 KM. 92;582458118;TENENCIA;;;;;
15202;18;RETEN TACORA (F);RUTA A023 KM. 70;582458120;RETEN;;;;;
15202;19;RETEN ALCERRECA (F);AV. GOBERNADOR COBO S/N;582458121;RETEN;;;;;
1101;20;5TA COMISARIA CONTROL ORDEN PUBLICO;CALLE PEDRO LAGOS NRO. 1034;572557108;COMISARIA;;;;;
1101;21;1A. COMISARiA DE IQUIQUE;CALLE BERNARDO O HIGGINS N 427;572557041;COMISARIA;;;;;
1101;22;4A. COMISARiA CAVANCHA;AVDA. SALVADOR ALLENDE S/N ESQUINA PEDRO GAMBONI;572557301;COMISARIA;;;;;
1101;23;TENENCIA DE CARRETERAS IQUIQUE;RUTA 5 NORTE 1840, Huara;572557142;TENENCIA;;;;;
1101;24;RETEN CHANAVAYITA (M.C.);RUTA 1, ESTRELLA DEL MAR, MANZANA 2, SITIO 3 S/N;572557070;RETEN;;;;;
1101;25;RETEN RIO LOA M.A.;RUTA A 1 KILoMETRO 266;572557114;RETEN;;;;;
1107;26;3A. COMISARiA DE ALTO HOSPICIO;AVDA. TENIENTE HERNAN MERINO CORREA N 3961;572557156;COMISARIA;;;;;
1401;27;2A. COMISARiA POZO ALMONTE;CALLE COMERCIO N 652;572557118;COMISARIA;;;;;
1401;28;SUBCOMISARiA I.A.T. IQUIQUE;CALLE JOSe DE SAN MARTiN N 499;572557081;SUBCOMISARIA;;;;;
1401;29;RETEN LA TIRANA;AV. CIRCUNVALACIoN N 751;572557134;RETEN;;;;;
1401;30;RETEN MAMINA;AV. EL TAMBO S/N;572557132;RETEN;;;;;
1402;31;RETEN CAMINA;ARTURO PRAT S/N;572557137;RETEN;;;;;
1403;32;SUBCOMISARiA COLCHANE (F);TENIENTE GONZALEZ S/N;572557149;SUBCOMISARIA;;;;;
1404;33;TENENCIA HUARA M/C;RUTA 5 NORTE KM. 1839;572557142;TENENCIA;;;;;
1404;34;RETEN PISAGUA;CALLE ESMERALDA N 1620;572557133;RETEN;;;;;
1405;35;TENENCIA PICA;VEINTISIETE DE ABRIL S/N, PICA;572557139;TENENCIA;;;;;
2101;36;5A. COMISARiA LA PORTADA;RICA AVENTURA NRO. 11.955, ANTOFAGASTA.;552755296;COMISARIA;;;;;
2101;37;2A. COMISARiA ANTOFAGASTA;AVENIDA RENDIC N 6000;552755108;COMISARIA;;;;;
2101;38;3A. COMISARiA DE ANTOFAGASTA;CALLE SAN MARTIN No. 2452;552755139;COMISARIA;;;;;
2101;39;SUBCOMISARiA ANTOFAGASTA NORTE;CALLE SALAMANCA S/N;552755125;SUBCOMISARIA;;;;;
2101;40;SUBCOMISARiA PLAYA BLANCA;REPUBLICA DE CROACIA No. 1100;552755285;SUBCOMISARIA;;;;;
2102;41;TENENCIA MEJILLONES;SALAMANCA S/N;552755132;TENENCIA;;;;;
2103;42;TENENCIA CARRETERA BAQUEDANO;SALVADOR ALLENDE N 502;552755170;TENENCIA;;;;;
2103;43;RETEN SIERRA GORDA;AV. SALVADOR ALLENDE N 200;552755137;RETEN;;;;;
2104;44;1A. COMISARiA TALTAL;Sargento Aldea N 502;552755087;COMISARIA;;;;;
2104;45;RETEN ALEMANIA (M.C.);RUTA 5 NORTE N 1144;552755105;RETEN;;;;;
2201;46;1A. COMISARiA DE CALAMA;Avenida GRANADEROS N 2490;552755233;COMISARIA;;;;;
2201;47;RETEN TOCONCE (F);GABRIELA MISTRAL S/N;552755275;RETEN;;;;;
2201;48;RETEN INACALIRI (F);RUTA B143, KILOMETRO 7, SECTOR INACALIRI;552755274;RETEN;;;;;
2202;49;TENENCIA OLLAGE (F);CHILE N 30;552755278;TENENCIA;;;;;
2202;50;RETEN ASCOTAN (F);RUTA CH21 KM 121;552755280;RETEN;;;;;
2203;51;2A. COMISARiA DE SAN PEDRO DE ATACAMA (F);GUSTAVO LEPEIGE N 304;552755350;COMISARIA;;;;;
2203;52;RETEN TOCORPURI (F);RUTA B245;552755365;RETEN;;;;;
2203;53;RETEN TOCONAO (F);AVENIDA NORTE N 55;552755276;RETEN;;;;;
2203;54;RETEN SOCAIRE (T. F.);RUTA 23 CH KILoMETRO 287.;55755295;RETEN;;;;;
2301;55;4A. COMISARiA DE TOCOPILLA;21 DE MAYO N 1666;552755174;COMISARIA;;;;;
2302;56;TENENCIA MARIA ELENA (M.C);PEDRO MONTT S/N;552755194;TENENCIA;;;;;
3101;57;PREFECTURA DE CARABINEROS ATACAMA N 5;LIBERTADOR BERNARDO OHIGGINS N 753;522552014;PREFECTURA;;;;;
3101;58;TENENCIA CARRETERA ATACAMA NORTE;RUTA 5 NORTE KM 486;522552118;TENENCIA;;;;;
3101;59;SUBCOMISARiA PEDRO LEON GALLO;LOS LOROS N 1850;522552165;SUBCOMISARIA;;;;;
3101;60;SUBCOMISARIA (C.O.P);AVDA. COPAYAPU 3302;522552160;SUBCOMISARIA;;;;;
3101;61;RETEN PAIPOTE;PEDRO AGUIRRE CERDA S/N;522552121;RETEN;;;;;
3102;62;SUBCOMISARiA CALDERA;BATALLONES DE ATACAMA N 307;522552125;SUBCOMISARIA;;;;;
3103;63;SUBCOMISARiA TIERRA AMARILLA;MONSENOR MIGUEL LEMEUR S/N;522552123;SUBCOMISARIA;;;;;
3103;64;RETEN SACRAMENTO (F);FERROCARRIL S/N;522552133;RETEN;;;;;
3201;65;1A. COMISARIA CHAARAL;LOS CARRERAS S/N;522552066;COMISARIA;;;;;
3201;66;RETEN EL SALADO;PEDRO LUJAN N 797;522552086;RETEN;;;;;
3202;67;4A. COMISARiA EL SALVADOR;AVENIDA POTRERILLOS SUR N 2502;522552135;COMISARIA;;;;;
3202;68;SUBCOMISARiA DIEGO DE ALMAGRO;JUAN MARTINEZ DE ROSA N 1301;522552088;SUBCOMISARIA;;;;;
3301;69;3A COMISARiA DE VALLENAR;SERRANO N 1196;522551244;COMISARIA;;;;;
3301;70;TENENCIA CARRETERA ATACAMA SUR;RUTA 5 NORTE KM 662;512651296;TENENCIA;;;;;
3301;71;RETEN ALFREDO ROZAS BUGUEO;MARTiN GONZaLEZ N 1745;552651288;RETEN;;;;;
3302;72;TENENCIA ALTO DEL CARMEN;PADRE ALONSO GARCIA/PUENTE;512651290;TENENCIA;;;;;
3302;73;RETEN EL TRANSITO;AVENIDA MATTA S/N;512651293;RETEN;;;;;
3302;74;RETEN SAN FELIX (F);SERRANO S/N;512651292;RETEN;;;;;
3302;75;RETEN CONAY (F);RUTA C495, KM. 49,600;512651295;RETEN;;;;;
3303;76;TENENCIA FREIRINA;RIO JANEIRO N 861;512651283;TENENCIA;;;;;
3304;77;SUBCOMISARiA HUASCO (M);ARTURO PRAT N 98;512651275;SUBCOMISARIA;;;;;
4101;78;PREFECTURA DE CARABINEROS DE COQUIMBO;CIENFUEGOS N 180;512651015;PREFECTURA;;;;;
4101;79;IV ZONA DE CARABS. COQUIMBO;COLON N 691;512651000;ZONA;;;;;
4101;80;1A COMISARiA LA SERENA;COLON N 720;512651081;COMISARIA;;;;;
4101;81;6A COMISARiA DE LAS COMPAIAS;CALLE MEXICO NRO. 2440;512651190;COMISARIA;;;;;
4101;82;3A. COMISARIA CONTROL ORDEN PUBLICO;JUAN JOSE LATORRE N∫ 415;512651220;COMISARIA;;;;;
4101;83;TENENCIA CARRETERA ELQUI;RUTA 5 NORTE KM. 540.555;512651110;TENENCIA;;;;;
4101;84;SUBCOMISARiA LA FLORIDA;AV. 18 DE SEPTIEMBRE N 4117;512651103;SUBCOMISARIA;;;;;
4101;85;SUBCOMISARiA I.A.T. LA SERENA;BALMACEDA N 4828;512651055;SUBCOMISARIA;;;;;
4102;86;TENENCIA TONGOY;AVENIDA. FUNDICIoN NORTE N 107;512651149;TENENCIA;;;;;
4102;87;RETEN GUANAQUEROS;FRITZ WILLY LINDENMANN N 2380 GUANAQUEROS;512651158;RETEN;;;;;
4102;88;2A COMISARiA DE COQUIMBO;CALLE TEGUALDA N 515;512651114;COMISARIA;;;;;
4102;89;SUBCOMISARiA TIERRAS BLANCAS;AVENIDA. RENE SCHNEIDER N 528;512651140;SUBCOMISARIA;;;;;
4102;90;TENENCIA LA HERRADURA;LAS GAVIOTAS N 186;512651154;TENENCIA;;;;;
4102;91;TENENCIA COQUIMBO ORIENTE;AVENIDA. EL SAUCE N 1109;512651152;TENENCIA;;;;;
4102;92;TENENCIA LAS ENCINAS;RUBEN JIMENEZ S/N;512651159;TENENCIA;;;;;
4102;93;TENENCIA PEUELAS;RUTA 5 S/N. CRUCE PENUELAS;512651135;TENENCIA;;;;;
4102;94;RETEN CERRO DEL VIGIA;CALLE ALONSO DE ERCILLA N 418;652651160;RETEN;;;;;
4103;95;TENENCIA ANDACOLLO;DOMINGO SANTA MARiA N 509;512651147;TENENCIA;;;;;
4104;96;RETEN LA HIGUERA;AV. LA PAZ S/N;512651112;RETEN;;;;;
4105;97;TENENCIA PAIHUANO;BALMACEDA S/N;512651186;TENENCIA;;;;;
4105;98;RETEN PISCO ELQUI (F);CENTENARIO S/N;512651188;RETEN;;;;;
4106;99;5A. COMISARiA VICUA;AVENIDA LAS DELICIAS N 599;512651162;COMISARIA;;;;;
4106;100;TENENCIA JUNTAS DEL TORO;RUTA D41 KM 147;512651183;TENENCIA;;;;;
4106;101;RETEN EL MOLLE;AVENIDA ESTADIO S/N;512651182;RETEN;;;;;
4201;102;4A. COMISARiA DE ILLAPEL;BERNARDO O HIGGINS N 189;532453125;COMISARIA;;;;;
4202;103;TENENCIA CHOAPA MIXTA CARRETERAS;RUTA 5 NORTE KM 250;532453156;TENENCIA;;;;;
4202;104;RETEN LA CANELA;ESTANISLAO OLLARZU N 665;532453168;RETEN;;;;;
4203;105;SUBCOMISARiA LOS VILOS;CALLE TUCAPEL N 599;532453147;SUBCOMISARIA;;;;;
4203;106;RETEN PICHIDANGUI;CALLE LA RAYA N 73;532453155;RETEN;;;;;
4204;107;SUBCOMISARiA SALAMANCA;BERNARDO OHIGGINS N 599;532453159;SUBCOMISARIA;;;;;
4204;108;RETEN COIRON (F);18 DE SEPTIEMBRE S/N;532453167;RETEN;;;;;
4301;109;3A. COMISARiA OVALLE;TANGUE N 20;532453000;COMISARIA;;;;;
4301;110;TENENCIA ASISTENCIAL DE MENORES OVALLE;LORD COCHRANE N 608, POBLACION ATENAS;532453089;TENENCIA;;;;;
4301;111;TENENCIA CARRETERA LIMARI;RUTA 5 NORTE KMS 389 CERRILLOS;532453081;TENENCIA;;;;;
4301;112;RETEN CERRILLOS DE TAMAYA;ARTURO VILLALON S/N;532453086;RETEN;;;;;
4302;113;SUBCOMISARiA COMBARBALA;PLAZA DE ARMAS N 100;532453068;SUBCOMISARIA;;;;;
4302;114;RETEN COGOTI (F);MANUEL RODRIGUEZ N 27;532453076;RETEN;;;;;
4303;115;SUBCOMISARiA MONTE PATRIA;CALLE PONIU N 149;532453051;SUBCOMISARIA;;;;;
4303;116;RETEN EL PALQUI;GALVARINO S/N;532453064;RETEN;;;;;
4303;117;RETEN CHANARAL ALTO;LOS LIBERTADORES N 81;532453065;RETEN;;;;;
4303;118;RETEN LAS TORTOLAS (F);RUTA D557 KM 31, CENTRAL LOS MOLLES;532453060;RETEN;;;;;
4303;119;RETEN PEDREGAL (F);LAS DELICIAS S/N;532453061;RETEN;;;;;
4303;120;RETEN TULAHUEN (F);AVENIDA VICUA MACKENNA S/ TULAHUEN DE LA RUTA D597 KM 43;532453062;RETEN;;;;;
4304;121;TENENCIA PUNITAQUI;CAUPOLICAN N 1150;532453078;TENENCIA;;;;;
4305;122;RETEN PICHASCA;RUTA D595 KM 40, COMUNA DE RiO HURTADO;532453085;RETEN;;;;;
4305;123;RETEN HURTADO (F);CAUPOLICaN S/N, RUTA D595 KM71;532453084;RETEN;;;;;
5101;124;1A. COMISARiA VALPARAiSO SUR;AGUAYO N 42, PLAYA ANCHA;3223132098;COMISARIA;;;;;
5101;125;TENENCIA CORDILLERA;GUMERCINDO DiAZ N 1292;3223132115;TENENCIA;;;;;
5101;126;2A. COMISARiA VALPARAiSO CENTRAL;AVENIDA. COLN N 1823;3223132119;COMISARIA;;;;;
5101;127;PREFECTURA VALPARAiSO;BUENOS AIRES N 750;323132013;PREFECTURA;;;;;
5101;128;V ZONA VALPARAiSO;BUENOS AIRES N 750;323132000;ZONA;;;;;
5101;129;8A. COMISARiA FLORIDA;MARIANO SERRATEA N 136, CERRO FLORIDA;323132247;COMISARIA;;;;;
5101;130;9NA. COMISARIA CONGRESO NACIONAL;Av. Pedro Montt s/n, Valpara≠so;323132511;COMISARIA;;;;;
5101;131;SUBCOMISARiA I.A.T. VALPARAISO;GUACOLDA N 213;3223132065;SUBCOMISARIA;;;;;
7304;132;4A. COMISARiA DE MOLINA;MAIPU N 2022;752275139;COMISARIA;;;;;
7305;133;TENENCIA RAUCO;BALMACEDA N 37;752275055;TENENCIA;;;;;
7306;134;TENENCIA ROMERAL;AVENIDA RAMoN FREIRE N 951;752275135;TENENCIA;;;;;
7307;135;TENENCIA SAGRADA FAMILIA;ESPERANZA N 74;752275166;TENENCIA;;;;;
7308;136;3A. COMISARiA DE TENO;AVENIDA. COMALLE N 110;752275112;COMISARIA;;;;;
7309;137;RETEN VICHUQUEN;ARTURO PRAT S/N;752275104;RETEN;;;;;
7401;138;1A. COMISARiA LINARES;AVENIDA. VALENTIN LETELIER N 376;732673029;COMISARIA;;;;;
7402;139;TENENCIA COLBUN;BERNARDO OHIGGINS N 404;732673050;TENENCIA;;;;;
7403;140;SUBCOMISARiA LONGAVI;UNO SUR N 410;732673195;SUBCOMISARIA;;;;;
7404;141;3A. COMISARiA PARRAL;URRUTIA N 560;732673096;COMISARIA;;;;;
7405;142;TENENCIA RETIRO;PRESIDENTE ERRAZURIZ N 266;732673121;TENENCIA;;;;;
7406;143;5A. COMISARiA DE SAN JAVIER;LONCOMILLA N 2488;732673156;COMISARIA;;;;;
7407;144;SUBCOMISARiA VILLA ALEGRE;ABATE MOLINA N 925;732673181;SUBCOMISARIA;;;;;
7408;145;RETEN YERBAS BUENAS;CENTENARIO N 51;732673071;RETEN;;;;;
16101;146;PREFECTURA UBLE N 27;VEGAS DE SALDIAS N 368;422842000;PREFECTURA;;;;;
16101;147;TENENCIA CHILLAN ORIENTE;AVDA NUEVA ORIENTE 612, CHILLAN;422842095;TENENCIA;;;;;
16102;148;3A. COMISARiA DE BULNES;CALLE ANIBAL PINTO N 461;4222842116;COMISARIA;;;;;
16103;149;6A COMISARIA DE CHILLAN VIEJO;AVENIDA BERNARDO OHIGGINS N 2804;422842204;COMISARIA;;;;;
16104;150;TENENCIA EL CARMEN;ESMERALDA N 2;422842166;TENENCIA;;;;;
16105;151;TENENCIA PEMUCO;MIRAFLORES N 696;422842163;TENENCIA;;;;;
16106;152;TENENCIA PINTO;ERNESTO RIQUELME N 133;422842224;TENENCIA;;;;;
16107;153;TENENCIA QUILLON;EL ROBLE N 203;422842140;TENENCIA;;;;;
16108;154;RETEN SAN IGNACIO;MANUEL RODRIGUEZ N 699;422842135;RETEN;;;;;
16109;155;4A. COMISARiA YUNGAY;CALLE TACNA N 34;422842143;COMISARIA;;;;;
16201;156;5A. COMISARiA QUIRIHUE;CALLE ESMERALDA N 735;422842174;COMISARIA;;;;;
16202;157;RETEN COBQUECURA;CALLE ARTURO PRAT N 322;422842188;RETEN;;;;;
16203;158;SUBCOMISARiA COELEMU;EXEQUIEL LARENAS N 810;422842193;SUBCOMISARIA;;;;;
16204;159;RETEN INHUE;ESMERALDA N 501;422842189;RETEN;;;;;
16205;160;RETEN PORTEZUELO;OHIGGINS N 537;422842190;RETEN;;;;;
16206;161;RETEN IPAS;BARROS LUCO N 598;422842201;RETEN;;;;;
16207;162;RETEN TREHUACO;GONZALO URREJOLA N 593;422842191;RETEN;;;;;
16301;163;1A. COMISARiA DE SAN CARLOS;BENJAMN VICUA MACKENNA N 137;422842051;COMISARIA;;;;;
16302;164;SUBCOMISARiA COIHUECO;SAN MARTiN N 1598;422842232;SUBCOMISARIA;;;;;
16303;165;RETEN IQUEN;RAUL SOTO S/N;422842076;RETEN;;;;;
16304;166;SUBCOMISARiA SAN FABIAN (F);AVENIDA ANDES N 614;422842078;SUBCOMISARIA;;;;;
16305;167;RETEN SAN NICOLAS;BERNARDO OHIGGINS N 215;422842071;RETEN;;;;;
8101;168;2A. COMISARiA CONCEPCIoN;ONGOLMO N 1668;412141180;COMISARIA;;;;;
8102;169;4A. COMISARiA DE CORONEL;MANUEL MONTT N 798;412141126;COMISARIA;;;;;
8103;170;7A.COMISARiA CHIGUAYANTE;AVDA. 101 S/N ESQUINA BIO BIO;412141570;COMISARIA;;;;;
8104;171;TENENCIA FLORIDA;ELEUTERIO RAMIREZ N 543;412141340;TENENCIA;;;;;
8105;172;TENENCIA HUALQUI;PATRICIO LYNCH N 501;412141123;TENENCIA;;;;;
8106;173;3A. COMISARiA DE LOTA;CURVA LOYOLA S/N;4122141161;COMISARIA;;;;;
8107;174;3A. COMISARiA DE PENCO;BERNARDO O HIGGINS N 418;4122141318;COMISARIA;;;;;
8108;175;TENENCIA SAN PEDRO DE LA PAZ;LOS MAQUIS S/N;412141198;TENENCIA;;;;;
5101;176;SUBCOMISARiA LAS CAAS;LOS ALERCES S/N;323132165;SUBCOMISARIA;;;;;
5101;177;TENENCIA RODELILLO;RODELILLO S/N;323132160;TENENCIA;;;;;
5101;178;TENENCIA OHIGGINS;AV. JORGE KENRICK N 107 CERRO SAN ROQUE;323132157;TENENCIA;;;;;
5101;179;RETEN CABO 1 JUAN CARLOS SILVA TORO;CABRITERIA NORTE N 2225;323132164;RETEN;;;;;
5101;180;7A. COMISARiA FF.EE. VALPARAiSO;RUTA 68 KM. 4 1/2 S/N SANTOS OSSA;323132227;COMISARIA;;;;;
5101;181;TENENCIA CARRETERA VALPARAISO;RUTA 68 95200;323132178;TENENCIA;;;;;
5101;182;RETEN PLACILLA PEUELAS;ANTONIO SAMORE S/N;3223132163;RETEN;;;;;
5101;183;RETEN LAGUNA VERDE;PRINCIPAL S/N;3223132117;RETEN;;;;;
5102;184;RETEN QUINTAY;JORGE MONTT S/N;323132200;RETEN;;;;;
5102;185;5A COMISARIA DE CASABLANCA;CALLE MEMBRILLAR N 125;323132181;COMISARIA;;;;;
5103;186;4A. COMISARIA CONCON;AVENIDA MANANTIALES N 933;323132570;COMISARIA;;;;;
5105;187;RETEN MAITENCILLO;PADRE ENRIQUE DEL RIO N 463;323132413;RETEN;;;;;
5105;188;TENENCIA PUCHUNCAVI;PRESIDENTE RIOS N 920;323132410;TENENCIA;;;;;
5105;189;RETEN HORCON;AVENIDA PRINCIPAL N 803;323132414;RETEN;;;;;
5105;190;RETEN LAS VENTANAS;PEDRO ALDUNATE SOLAR N 1028;323132415;RETEN;;;;;
5107;191;SUBCOMISARiA QUINTERO;AVENIDA. FRANCIA N 1341;323132402;SUBCOMISARIA;;;;;
5109;192;TENENCIA REACA;BELLAVISTA S/N;323132383;TENENCIA;;;;;
5109;193;TENENCIA REACA ALTO;CALLE NUEVE N 925, PARADERO 8 1/2;323132460;TENENCIA;;;;;
5109;194;SUBCOMISARiA GOMEZ CARREO;AV. PACIFICO S/N;323132395;SUBCOMISARIA;;;;;
5109;195;5A. COMISARiA DE VIA DEL MAR (S.U.);CALLE EL LUCUMO N 2875, MIRAFLORES;323132353;COMISARIA;;;;;
5109;196;1A. COMISARiA DE VIA DEL MAR;4 NORTE N 320;323132303;COMISARIA;;;;;
5109;197;RETEN PALACIO PRESIDENCIAL;CALLAO N 398;323132500;RETEN;;;;;
5109;198;TENENCIA FORESTAL;SIMON BOLIVAR N 354;323132480;TENENCIA;;;;;
5109;199;TENENCIA RECREO;18 DE SEPTIEMBRE N 298;323132386;TENENCIA;;;;;
5109;200;TENENCIA NUEVA AURORA;CALLE BORINQUEN S/N;323132392;TENENCIA;;;;;
5201;201;6A. COMISARiA DE ISLA DE PASCUA;AV. MATAVERI S/N;323132600;COMISARIA;;;;;
5201;202;TENENCIA ASIST.MENORES ISLA PASCUA;MANUTARA S/N;323132224;TENENCIA;;;;;
5301;203;SUBCOMISARiA LOS LIBERTADORES (F);RUTA CH60 KM 107;342334097;SUBCOMISARIA;;;;;
5301;204;3A. COMISARiA LOS ANDES;AVENIDA SANTA TERESA N 491;342334079;COMISARIA;;;;;
5302;205;TENENCIA CALLE LARGA;CALLE LARGA N 2090;342334104;TENENCIA;;;;;
5303;206;TENENCIA RINCONADA;SAN MARTIN N 593;342334107;TENENCIA;;;;;
5304;207;TENENCIA SAN ESTEBAN (F);AVENIDA ALESSANDRI N 206;342334109;TENENCIA;;;;;
5401;208;RETEN LOS MOLLES;AVENIDA HERMANOS DE LA COSTA N 90;332433039;RETEN;;;;;
5401;209;RETEN VALLE HERMOSO;ESMERALDA N 3550;332433037;RETEN;;;;;
5401;210;1A. COMISARiA DE LA LIGUA;DIEGO PORTALES N 333;332433000;COMISARIA;;;;;
5402;211;TENENCIA CABILDO;HUMERES N 494;332433025;TENENCIA;;;;;
5403;212;RETEN PAPUDO;DOMINGO FERNANDEZ CONCHA N 610;332433035;RETEN;;;;;
5404;213;RETEN CHINCOLCO;AV. PEDRO MONTT N 1610;332433031;RETEN;;;;;
5404;214;TENENCIA PETORCA;SILVA N 695;332433022;TENENCIA;;;;;
5404;215;RETEN CASAS DE ALICAHUE;RUTA E445 KM 33;332433027;RETEN;;;;;
5404;216;TENENCIA CARRETERAS PETORCA;RUTA 5 NORTE KM 156;332433029;TENENCIA;;;;;
5405;217;RETEN ZAPALLAR;BENITO DEL BILLAR N 124;332433034;RETEN;;;;;
5405;218;RETEN CACHAGUA;CACHAGUA N 424;332433038;RETEN;;;;;
5405;219;RETEN CATAPILCO;BALMACEDA N 123;332433033;RETEN;;;;;
5501;220;4A. COMISARiA QUILLOTA;CHACABUCO N 481;332433064;COMISARIA;;;;;
5501;221;RETEN LAS CRUZADAS;AVENIDA DUEAS N 110 SAN PEDRO;332433088;RETEN;;;;;
5502;222;7A. COMISARiA DE LA CALERA;CALLE JOSE JOAQUIN PEREZ N 598;3324333090;COMISARIA;;;;;
5504;223;TENENCIA LA CRUZ;AVENIDA 21 DE MAYO N 2040;332433086;TENENCIA;;;;;
5506;224;RETEN EL MELON;BERNARDO OHIGGINS N 24;332433123;RETEN;;;;;
5506;225;TENENCIA NOGALES;PEDRO FeLIX VICUA N 611;332433116;TENENCIA;;;;;
5601;226;1A. COMISARiA DE SAN ANTONIO;LA MARINA N 1985;352535038;COMISARIA;;;;;
5601;227;SUBCOMISARiA LLO LLEO;MeXICO N 275;352535056;SUBCOMISARIA;;;;;
5601;228;RETEN CUNCUMEN (M.C.);RUTA G800 KILoMETRO 14;352535063;RETEN;;;;;
5602;229;3A. COMISARiA ALGARROBO;CALLE CARABINEROS DE CHILE N 86;352535096;COMISARIA;;;;;
5603;230;2A. COMISARiA DE CARTAGENA;AV. CARTAGENA N 755;352535073;COMISARIA;;;;;
5604;231;SUBCOMISARiA EL QUISCO;ISIDORO DUBORNAIS N 270;352535130;SUBCOMISARIA;;;;;
5605;232;TENENCIA EL TABO;CENTENARIO S/N;352535092;TENENCIA;;;;;
5605;233;RETEN LAS CRUCES;JOSE CLAVIJO VERA S/N;352535093;RETEN;;;;;
5606;234;SUBCOMISARiA DE ROCAS SANTO DOMINGO;AVENIDA DEL LITORAL N 335;352535065;SUBCOMISARIA;;;;;
5701;235;2A. COMISARiA DE SAN FELIPE;AVENIDA OHIGGINS N 200;342334040;COMISARIA;;;;;
5701;236;RETEN CURIMON;SANTIAGO BUERAS S/N, KM 35 RUTA 60CH;342334063;RETEN;;;;;
5701;237;SUBCOM I.A.T Y CARRETERA SAN FELIPE;RUTA 5 NORTE KM 84,500;332334120;SUBCOMISARIA;;;;;
5702;238;TENENCIA CATEMU;ARTURO PRAT N 91;342334072;TENENCIA;;;;;
5702;239;RETEN HIJUELAS;CUARTEL N 32;3324333126;RETEN;;;;;
5702;240;TENENCIA CARRETERA HIJUELAS;RUTA 5 NORTE KM 106.9;332433119;TENENCIA;;;;;
5703;241;SUBCOMISARiA LLAY LLAY;SAN FRANCISCO N 97;342334056;SUBCOMISARIA;;;;;
5704;242;SUBCOMISARIA I.A.T. Y CARRETERAS SAN FELIPE;RUTA 5 NORTE KM 84;342334120;SUBCOMISARIA;;;;;
5704;243;RETEN PANQUEHUE;TRONCAL S/N KM 18, RUTA 60CH;342334077;RETEN;;;;;
5705;244;RETEN LOS PATOS (F);RUTA E525, K/M. 18;342334069;RETEN;;;;;
5705;245;RETEN GUZMANES;CALLE NUEVA S/N;342334067;RETEN;;;;;
5705;246;TENENCIA PUTAENDO;SAN MARTIN N 796;342334065;TENENCIA;;;;;
5705;247;RETEN QUEBRADA HERRERA;CALLE BRUNA ESQUINA CALLE ORTIZ;342334070;RETEN;;;;;
5706;248;TENENCIA SANTA MARIA;IRARRAZAVAL N 182;3423234075;TENENCIA;;;;;
5801;249;TENENCIA EL BELLOTO;FREIRE N 560;323132350;TENENCIA;;;;;
5801;250;2A. COMISARiA DE QUILPUe;CALLE SUBERCASEAUX N 1570;323132326;COMISARIA;;;;;
5802;251;PREFECTURA MARGA MARGA;CALLE PRAT N 340, LIMACHE;332433170;PREFECTURA;;;;;
5802;252;3A. COMISARiA LIMACHE;ARTURO PRAT N 340;332433041;COMISARIA;;;;;
5803;253;TENENCIA OLMUE;ADOLFO EASTMAN S/N;332433061;TENENCIA;;;;;
5804;254;6A. COMISARiA DE VILLA ALEMANA;ARTURO PRAT N 51;323132419;COMISARIA;;;;;
6101;255;7MA COMISARIA CONTROL ORDEN PUBLICO;RUTA LA TRAVESIA KM 89;722972085;COMISARIA;;;;;
6101;256;SUBCOMISARIA IAT RANCAGUA;RUTA TRAVESIA SN KM 89 SECTOR GULTRO OLIVAR;722972051;SUBCOMISARIA;;;;;
6101;257;SUBCOMISARiA DIEGO PORTALES;CONSTANZA N 720;722972164;SUBCOMISARIA;;;;;
6101;258;3A. COMISARiA RANCAGUA ORIENTE;ISABEL PALMA N∞ 549;722972150;COMISARIA;;;;;
6101;259;1A. COMISARiA RANCAGUA;AV. JOSâ DE SAN MARTçN N∞ 174;722972092;COMISARIA;;;;;
6101;260;VI ZONA LIBERTADOR BERNARDO OHIGGINS;TENIENTE CORONEL BERNARDO CUEVAS N 670;722972000;ZONA;;;;;
6101;261;PREFECTURA CACHAPOAL N 11;CORONEL SANTIAGO BUERAS N 515;722972016;PREFECTURA;;;;;
6102;262;TENENCIA CODEGUA;LIBERTADOR BERNARDO OHIGGINS N 389;722972147;TENENCIA;;;;;
6103;263;TENENCIA COINCO;LIBERTADOR BERNARDO OHIGGINS N 285;722972207;TENENCIA;;;;;
6103;264;RETEN MILLAHUE;RUTA H590, EL RULO N 1750;722972209;RETEN;;;;;
6104;265;TENENCIA COLTAUCO;AVDA. ARTURO PRAT N 33;722972285;TENENCIA;;;;;
6104;266;RETEN IDAHUE;RUTA H30 KM. 41.700;722972287;RETEN;;;;;
6105;267;RETEN LO MIRANDA;PLAZA DE ARMAS S/N LO MIRANDA;722972119;RETEN;;;;;
6105;268;SUBCOMISARiA DONIHUE;AVENIDA RANCAGUA N 198;722972112;SUBCOMISARIA;;;;;
6106;269;2A. COMISARiA DE GRANEROS;CALLE GUILLERMO BERRIOS N∞ 088;722972121;COMISARIA;;;;;
6107;270;TENECIA EL MANZANO;RUTA H 66 G KM 60;722972253;TENENCIA;;;;;
6107;271;RETEN LLALLAUQUEN;RUTA H 790 KM 09;722972255;RETEN;;;;;
6107;272;SUBCOMISARiA LAS CABRAS;LAS ACACIAS N 930;722972248;SUBCOMISARIA;;;;;
6108;273;SUBCOMISARiA MACHALI;ARTURO PRAT N 179;722972171;SUBCOMISARIA;;;;;
6108;274;TENENCIA COYA;SAN MARTIN S/N;722972178;TENENCIA;;;;;
6108;275;RETEN PANGAL (F);RUTA H265 KM. 12 SECTOR PANGAL;722972180;RETEN;;;;;
6109;276;RETEN MALLOA;BERNARDO OHIGGINS N 225;722972205;RETEN;;;;;
6110;277;SUBCOMISARiA SAN FRANCISCO DE MOSTAZAL;SAN GUILLERMO N 520;722972140;SUBCOMISARIA;;;;;
6110;278;RETEN LA PUNTA;CONDE DE LA CONQUISTA N 115;722972145;RETEN;;;;;
6111;279;SUBCOMISARiA CARRETERAS I.A.T. CACHAPOAL;RUTA TRAVESiA KM 89, COMUNA OLIVAR;722972078;SUBCOMISARIA;;;;;
6111;280;TENENCIA OLIVAR;MANUEL OLEGARIO SOTO N 199;722972223;TENENCIA;;;;;
6112;281;5A. COMISARiA DE PEUMO;CALLE CARMEN N∞ 33;722972227;COMISARIA;;;;;
6113;282;TENENCIA PICHIDEGUA;AVENIDA INDEPENDENCIA N 815;722972281;TENENCIA;;;;;
6113;283;RETEN ALMAHUE VIEJO;PORTEZUELO S/N;722972283;RETEN;;;;;
6114;284;TENENCIA QUINTA TILCOCO;MANUEL FLORES N 30;722972211;TENENCIA;;;;;
6114;285;RETEN GUACARHUE;CARDENAL CARO N 88;722972213;RETEN;;;;;
6115;286;TENENCIA ROSARIO;BULNES S/N;722972215;TENENCIA;;;;;
6115;287;4A. COMISARiA DE RENGO;ERRAZURIZ N∞ 290;722972182;COMISARIA;;;;;
6115;288;RETEN POPETA;DIEGO PORTALES N 4730  SECTOR POPETA;722972202;RETEN;;;;;
6116;289;RETEN LOS LIRIOS;BERNARDO OHIGGINS N 365;722972225;RETEN;;;;;
6116;290;SUBCOMISARiA REQUINOA;CAUPOLICAN N 9;722972218;SUBCOMISARIA;;;;;
6117;291;RETEN ZUIGA;PORTEZUEL S/N;722972283;RETEN;;;;;
6117;292;6A. COMISARiA DE SAN VICENTE;GERMAN RISCO N∞ 1216;722972257;COMISARIA;;;;;
6117;293;RETEN PUENTE BADEN;RUTA I90H, KLM. 9 EL TAMBO;722972278;RETEN;;;;;
6201;294;3A. COMISARiA DE PICHILEMU;BERNARDO OHIGGINS N 4;722972394;COMISARIA;;;;;
6202;295;RETEN LA ESTRELLA;JUAN IGNACIO VIDAL N 161;722972420;RETEN;;;;;
6203;296;RETEN CENTRAL RAPEL;RUTA G60 KM 64;722972424;RETEN;;;;;
6203;297;TENENCIA LITUECHE;HERMANOS CARRERA N 809;722972422;TENENCIA;;;;;
6204;298;TENENCIA MARCHIHUE;ARTURO PRAT N 1273;722972418;TENENCIA;;;;;
6205;299;RETEN RAPEL DE NAVIDAD;IGNACIO CARRERA PINTO S/N;722972416;RETEN;;;;;
6205;300;TENENCIA NAVIDAD;JUAN MONTES S/N;722972426;TENENCIA;;;;;
6206;301;RETEN PAREDONES;DRETENMORE S/N;722972414;RETEN;;;;;
6206;302;RETEN PEDRO DE ALCANTARA;LLICO N 39;722972415;RETEN;;;;;
6301;303;PREFECTURA COLCHAGUA N 12;TENIENTE HERNAN MERINO CORREA 619;722972290;PREFECTURA;;;;;
6301;304;RETEN ANGOSTURA;ANGOSTURA S/N;722972343;RETEN;;;;;
6301;305;RETEN ROMA;ROMA S/N;722972344;RETEN;;;;;
6301;306;RETEN AGUA BUENA;JULIO FERNANDEZ S/N;722972345;RETEN;;;;;
6301;307;RETEN PUENTE NEGRO (F);RUTA I45 KM 16;722972358;RETEN;;;;;
6302;308;TENENCIA CHEPICA;18 DE SEPTIEMBRE N 2314;722972391;TENENCIA;;;;;
6303;309;TENENCIA CARRETERA COLCHAGUA;RUTA 5 SUR KM 143;722972340;TENENCIA;;;;;
6303;310;SUBCOMISARiA CHIMBARONGO;VALENTIN LETELIER N 5;722972351;SUBCOMISARIA;;;;;
6304;311;RETEN LOLOL;LAS ACACIAS N 190;722972382;RETEN;;;;;
6305;312;TENENCIA NANCAGUA;CURAMONTERO N 14;722972347;TENENCIA;;;;;
6306;313;RETEN HUIQUE;EL NARANJAL N 400;722972383;RETEN;;;;;
6307;314;RETEN POBLACION;PEDRO VALDIVIA S/N;722972388;RETEN;;;;;
6307;315;TENENCIA PERALILLO;CARDENAL CARO S/N;722972385;TENENCIA;;;;;
6308;316;RETEN PLACILLA COLCHAGUA;MIRAFLORES N 27;722972349;RETEN;;;;;
6309;317;RETEN PUMANQUE;BERNARDO OHIGGINS N 30;722972389;RETEN;;;;;
6310;318;2A. COMISARiA DE SANTA CRUZ;GENERAL DEL CANTO N∞ 24;722972360;COMISARIA;;;;;
7101;319;4A. COMISARiA CANCHA RAYADA (S.U);5 ORIENTE 17 NORTE N 1140;712571164;COMISARIA;;;;;
7101;320;VII ZONA DE CARABINEROS MAULE;BERNARDO OHIGGINS N 687;712571000;ZONA;;;;;
7101;321;TENENCIA TALCA ORIENTE;2 SUR N 2149;712571139;TENENCIA;;;;;
7101;322;SUBCOMISARIA FF.EE TALCA;RUTA TRAVESIA S/N KM. 89, SECTOR GULTRO, OLIVAR;712571232;SUBCOMISARIA;;;;;
7101;323;RETEN EL SAUCE;RUTA CH115 KM 10;712571210;RETEN;;;;;
7102;324;RETEN PUTU;CONSTITUCIoN N 351;712571129;RETEN;;;;;
7102;325;2A. COMISARiA DE CONSTITUCIoN;PORTALES N 420;712571108;COMISARIA;;;;;
7102;326;RETEN VILLA SANTA OLGA;LOS LIRIOS N 484;712571131;RETEN;;;;;
7103;327;TENENCIA CUREPTO;MANUEL RODRIGUEZ N 14;752275180;TENENCIA;;;;;
7104;328;RETEN EMPEDRADO;BUERAS N 295;712571130;RETEN;;;;;
7105;329;TENENCIA MAULE;BALMACEDA N 410;712571201;TENENCIA;;;;;
7105;330;RETEN SAN JOSE DE DUAO;RUTA K635 KM. 13 S/N;712571246;RETEN;;;;;
7106;331;TENENCIA PELARCO;CATEDRAL N 50;712571197;TENENCIA;;;;;
7107;332;TENENCIA PENCAHUE;FERNANDO PAROT SILVA S/N;712571185;TENENCIA;;;;;
7108;333;TENENCIA RIO CLARO;CASIMIRO SEPULVEDA S/N;712571191;TENENCIA;;;;;
7108;334;RETEN CAMARICO;RUTA 5 SUR KM 222;712571195;RETEN;;;;;
7108;335;RETEN EL RADAL (F);RUTA K275 KM 19;752275163;RETEN;;;;;
7109;336;1A. COMISARiA SAN CLEMENTE;CALLE ALEJANDRO CRUZ N 349;712571079;COMISARIA;;;;; 
7109;337;RETEN MARIPOSAS;RUTA K579 KM 8;712571101;RETEN;;;;;
7110;338;TENENCIA SAN RAFAEL;AVENIDA PONIENTE S/N;712571181;TENENCIA;;;;;
7110;339;SUBCOMISARiA I.A.T. Y CARRETERAS TALCA;RUTA 5 SUR KM 237;712571076;SUBCOMISARIA;;;;;
7201;340;4A. COMISARiA DE CAUQUENES;MEMBRILLAR N 420 (DIRECCION TEMPORAL: SAN FRANCISCO 399);732673130;COMISARIA;;;;;
7201;341;RETEN ESTACIoN CAUQUENES;ARMANDO CORTINEZ N 391;732671353;RETEN;;;;;
7202;342;2A. COMISARiA DE CHANCO;TENIENTE MERINO S/N;732673074;COMISARIA;;;;;
7203;343;RETEN PELLUHUE;ARTURO PRAT N 100;732673094;RETEN;;;;;
7301;344;1A. COMISARiA DE CURICo;SAN MARTIN N 610;752275030;COMISARIA;;;;;
7301;345;TENENCIA AGUAS NEGRAS;LICANTeN N 901;752275058;TENENCIA;;;;;
7301;346;SUBCOMISARiA SANTA FE;ISLAS AUSTRALES N 2245;752275069;SUBCOMISARIA;;;;;
7302;347;TENENCIA HUALAE;LIBERTADOR BERNARDO OHIGGINS N 21;75275106;TENENCIA;;;;;
7303;348;2A. COMISARiA DE LICANTeN;MATAQUITO N 128;752275079;COMISARIA;;;;;
10106;349;SUBCOMISARiA LOS MUERMOS;FEDERICO REDLICH S/N;652765220;Subcomisaria;;;;;
10106;350;RETEN PARAGUAY CHICO;KM.28 RUTA V600;652765192;Reten;;;;;
10106;351;RETEN RIO FRIO;CAMINO REAL S/N ESQ. RUTA V460;652765222;Reten;;;;;
10105;352;RETEN CASMA;ROBERTO SIMPSON S/N;652765156;Reten;;;;;
10105;353;SUBCOMISARiA FRUTILLAR;CARLOS RICHTER S/N;652765149;Subcomisaria;;;;;
10104;354;TENENCIA FRESIA;BERNARDO OHIGGINS N 289;652765128;Tenencia;;;;;
10103;355;RETEN CANUTILLAR;RUTA 70E KM 14;652765135;Reten;;;;;
10103;356;RETEN COCHAMO;RUTA V69 KILoMETRO N 46;652765136;Reten;;;;;
10103;357;RETEN PASO EL LEON (F);SECTOR PASO EL LEoN S/N;652765271;Reten;;;;;
10103;358;RETEN RIO PUELO;RUTA V69 KILOMETRO 76;652765137;Reten;;;;;
10103;359;RETEN LLANADA GRANDE (F);RUTA V721, KM. 32;652765269;Reten;;;;;
10103;360;RETEN PASO BOLSON (F);SECTOR LAGO LAS ROCAS S/N;652765270;Reten;;;;;
10102;361;RETEN ISLA HUAR;ALFARO S/N;652765244;Reten;;;;;
10102;362;4A. COMISARIA CALBUCO;GALVARINO RIVEROS N 70;652765227;Comisaria;;;;;
10102;363;RETEN ISLA PULUQUI;SECTOR CHAUQUEAR S/N.;652765249;Reten;;;;;
10101;364;TENENCIA LAS QUEMAS;RUTA V600 KM 7,3;652765189;Tenencia;;;;;
10101;365;TENENCIA PANITAO (MC);RUTA 5 SUR KM 1034;652765185;Tenencia;;;;;
10101;366;6A. COMISARIA ALERCE (S.U.).;AV. VIOLETA PARRA S/N;652765470;Comisaria;;;;;
10101;367;RETEN PIEDRA AZUL (EX CORRENTOSO);RUTA V65 KM 21;652765272;Reten;;;;;
10101;368;5A. COMISARIA PUERTO MONTT;PARQUE INDUSTRIAL N 420;652765251;Comisaria;;;;;
10101;369;7A. COMISARIA MIRASOL;AV. LA CRUZ S/N;652765470;Comisaria;;;;;
10101;370;X ZONA DE CARABINEROS LOS LAGOS;MIRAMAR N 1500;652765000;Zona;;;;;
10101;371;8A. COMISARIA C.O.P. LLANQUIHUE;DEBER CUMPLIDO 71;652765180;Comisaria;;;;;
10101;372;SUBCOMISiA RELONCAVI;RIO YELI S/N;652765194;Subcomisaria;;;;;
14204;373;4A. COMISARiA DE RIO BUENO;Avenida. Arturo Prat N 702;642664180;Comisaria;;;;;
14204;374;RETEN DIUMEN;RUTA T85 KM;632563242;Reten;;;;;
14204;375;RETEN VIVANCO;RUTA T845 KM;632563241;Reten;;;;;
14204;376;RETEN CARIMALLIN;RUTA T99U KM;642664197;Reten;;;;;
14204;377;RETEN MANTILHUE;RUTA T985 KM;642664198;Reten;;;;;
14203;378;RETEN PUERTO NUEVO;RUTA T785 KM 1;642664175;Reten;;;;;
14203;379;TENENCIA LAGO RANCO;VIA DEL MAR N 153;632563238;Tenencia;;;;;
14203;380;RETEN RIINAHUE (F);RUTA T85 KM 24;632563243;Reten;;;;;
14202;381;TENENCIA FUTRONO;JOSE MIGUEL BALMACEDA N 10;632563180;Tenencia;;;;;
14202;382;RETEN LLIFEN (F);RUTA T55 KM 22;632563182;Reten;;;;;
14201;383;RETEN CATAMUTUN;SANTA ELISA S/N;642664176;Reten;;;;;
14201;384;TENENCIA CARRETERA VALDIVIA;RUTA 5 SUR KM 869;632563143;Tenencia;;;;;
14201;385;RETEN CUNCO MASHUE;RUTA T80 KM 27;642664174;Reten;;;;;
14201;386;3A. COMISARiA LA UNIoN.;PHILLIPI N766;642564155;Comisaria;;;;;
14108;387;RETEN MALALHUE;ARTURO PRAT N 118;632563220;Reten;;;;;
14108;388;RETEN COARIPE;GUIDO BECK DE RAMBERGA N 307;632563203;Reten;;;;;
14108;389;5A COMISARIA PANGUIPULLI;Bernardo OHiggins N 1255;632563184;Comisaria;;;;;
14108;390;TENENCIA LIQUIE (F);RUTA CH201 KM;632563204;Tenencia;;;;;
14108;391;RETEN CHOSHUENCO;SAN MARTiN N 300;632563260;Reten;;;;;
14108;392;RETEN NELTUME;RUTA CH203 S/N;632563207;Reten;;;;;
14108;393;TENENCIA PIRIHUEICO (F);RUTA CH203 KM;632563210;Tenencia;;;;;
14107;394;RETEN REUMEN;12 DE OCTUBRE N 10;632563236;Reten;;;;;
14107;395;SUBCOMISARiA PAILLACO;ARTURO PRAT N 979;632563228;Subcomisaria;;;;;
14107;396;RETEN PICHIRROPULLI;BALMACEDA N 421;632563235;Reten;;;;;
14106;397;RETEN MEHUIN;LOS NOTROS S/N;632563226;Reten;;;;;
14106;398;TENENCIA SAN JOSE DE LA MARIQUINA;LORD COCHRANE SN;632563224;Tenencia;;;;;
14105;399;TENENCIA MAFIL;PEDRO DE VALDIVIA N 699;632563221;Tenencia;;;;;
14104;400;RETEN ANTILHUE;BERNARDO OHIGGINS S/N;632563177;Reten;;;;;
14104;401;2A. COMISARiA DE LOS LAGOS;QUINCHILCA N 138;632563158;Comisaria;;;;;
14104;402;RETEN RIIHUE;CHOSHUENCO S/N;632563178;Reten;;;;;
14103;403;SUBCOMISARiA LANCO;YUNGAY N 355;632563213;Subcomisaria;;;;;
14102;404;TENENCIA CORRAL;BLANCO N 12;632563140;Tenencia;;;;;
14101;405;RETEN PUNUCAPA;CASERIO PUNUCAPA S/N;632563137;Reten;;;;;
14101;406;RETEN ISLA TEJAS;LOS BOLDOS N 415;632563270;Reten;;;;;
14101;407;PREFECTURA VALDIVIA N 3;BEAUCHEF N 1025;632563020;Prefectura;;;;;
14101;408;6TA COMISARiA FF.EE VALDIVIA;BALMACEDA N5161;632563127;Comisaria;;;;;
14101;409;TENENCIA LOS JAZMINES;COLOMBIA S/N;632563117;Tenencia;;;;;
14101;410;SUBCOMISARiA GENERAL OSCAR CRISTI GALLO;FRANCIA N 2950;632563110;Subcomisaria;;;;;
14101;411;TENENCIA MOGOLLONES;DONALD CANTER N 4005;632563134;Tenencia;;;;;
14101;412;RETEN NIEBLA;DEL CASTILLO N 1060;632563139;Reten;;;;;
9211;413;4A COMISARIA VICTORIA;SOTOMAYOR N 31545  2466508;452466508;Comisaria;;;;;
9211;414;TENENCIA CARRETERA MALLECO;RUTA 5 SUR KM 613;452466530;Tenencia;;;;;
9211;415;RETEN PUA;ARTURO PRAT N 7;452466740;Reten;;;;;
9211;416;RETEN SELVA OSCURA;ALTAMIRANO N 180;452466528;Reten;;;;;
9210;417;RETEN QUILQUEN;9 DE JULIO N 158;452466501;Reten;;;;;
9210;418;3A. COMISARiA TRAIGUEN;BASILIO URRUTIA N 499;452466482;Comisaria;;;;;
9209;419;TENENCIA RENAICO;LORENZO DE LA MAZA S/N;452466440;Tenencia;;;;;
9209;420;RETEN TIJERAL;SANTA ELISA N 270;452466442;Reten;;;;;
9208;421;TENENCIA PUREN;CONTULMO N 996;452466452;Tenencia;;;;;
9207;422;RETEN LUMACO;CARLOS CONDELL N 206;662466505;Reten;;;;;
9207;423;TENENCIA CAPITAN PASTENE;ROMA N 315;452466503;Tenencia;;;;;
9207;424;RETEN PICHIPELLAHUEN;PRINCIPAL S/N;452466506;Reten;;;;;
9206;425;SUBCOMISARiA LOS SAUCES;BERNARDO OHIGGINS N 312;452466445;Subcomisaria;;;;;
9205;426;SUBCOMISARIA LONQUIMAY (F);BERNARDO OHIGGINS N 1301;662466556;Subcomisaria;;;;;
9205;427;RETEN SIERRA NEVADA;RUTA CH181 KM 102;452466564;Reten;;;;;
9205;428;TENENCIA LIUCURA (F);RUTA CH181 KM 158;452466565;Tenencia;;;;;
9204;429;SUBCOMISARiA ERCILLA;TUCAPEL S/N;452466870;Subcomisaria;;;;;
9204;430;RETEN PAILAHUEQUE;COLON N 808;452466480;Reten;;;;;
9203;431;5A. COMISARiA DE CURACAUTiN;ARAUCO N 235;452466538;Comisaria;;;;;
9203;432;RETEN MANZANAR;RUTA CH181 KM 74.600;452466553;Reten;;;;;
9203;433;RETEN MALALCAHUELLO;CRISTOBAL COLON N 305;452466552;Reten;;;;;
9202;434;RETEN MININCO;BERNARDO OHIGGINS S/N;452466665;Reten;;;;;
9202;435;RETEN ESPERANZA;BERNARDO OHIGGINS S/N;452466660;Reten;;;;;
9202;436;2A COMISARIA COLLIPULLI;BERNARDO OHIGGINS N 250;452466455;Comisaria;;;;;
9202;437;RETEN CURACO;JOSE MIGUEL CARRERA S/N, RUTA R49 KM 900;452466474;Reten;;;;;
9201;438;1A. COMISARiA DE ANGOL;Calle Dieciocho N 340;452466415;Comisaria;;;;;
9121;439;RETEN CHOLCHOL;ARTURO N 320;452466207;Reten;;;;;
9120;440;7A COMISARIA VILLARRICA;MANUEL ANTONIO MATTA N 230;452466284;Comisaria;;;;;
9120;441;RETEN LICAN RAY;GENERAL BASILIO URRUTIA N 735;452466303;Reten;;;;;
9119;442;RETEN CAJON;ALEJANDRO URRUTIA N 6;452466173;Reten;;;;;
9119;443;TENENCIA VILCUN;CALLE CHORRILLOS N 391;452466177;Tenencia;;;;;
9119;444;RETEN SAN PATRICIO;AV. INGLESA S/N;452466186;Reten;;;;;
9119;445;RETEN CHERQUENCO;MENDOZA S/N;452466175;Reten;;;;;
9118;446;TENENCIA TOLTEN;BERNARDO OHIGGINS S/N;452466247;Tenencia;;;;;
9118;447;RETEN QUEULE;COSTANERA S/N;452466249;Reten;;;;;
9117;448;RETEN HUALPIN;JORGE ALESSANDRI S/N;452466211;Reten;;;;;
9117;449;RETEN TEODORO SCHMIDT;GERMAN WINKEL S/N;452466208;Reten;;;;;
9117;450;RETEN BARROS ARANA;DOS SUR N 115;452466209;Reten;;;;;
9116;451;TENENCIA PUERTO SAAVEDRA;EJERCITO N 702;452466225;Tenencia;;;;;
9116;452;RETEN PUERTO DOMiNGUEZ;JORGE ALESSANDRI N 292;452466222;Reten;;;;;
9115;453;9A COMISARIA DE PUCON;BERNARDO OHIGGINS N 135;452466339;Comisaria;;;;;
9114;454;RETEN COMUY;RUTA S70 KM. 31;452466246;Reten;;;;;
9114;455;5A COMISARIA DE PITRUFQUEN;GRONOW N 894;452466228;Comisaria;;;;;
9113;456;RETEN PERQUENCO;21 DE MAYO N 282;452466720;Reten;;;;;
9112;457;3A COMISARIA PADRE LAS CASAS;EUSEBIO LILLO N 190;452466154;Comisaria;;;;;
9111;458;4A COMISARIA NUEVA IMPERIAL;ARTURO PRAT N 128;452466188;Comisaria;;;;;
9110;459;RETEN MELIPEUCO (F);AVENIDA PEDRO AGUIRRE CERDA N 2;452466184;Reten;;;;;
9109;460;RETEN LA PAZ;VALPARAiSO N 91;452466281;Reten;;;;;
9109;461;6A COMISARIA DE LONCOCHE;BARROS ARANA N 934;452466260;Comisaria;;;;;
9109;462;TENENCIA CARRETERA CAUTIN SUR;RUTA 5 SUR KM 748;452466279;Tenencia;;;;;
9109;463;RETEN HUISCAPI;BERNARDO OHIGGINS S/N;452466282;Reten;;;;;
9108;464;RETEN PILLANLELBUN;RECABARREN N 510;452466110;Reten;;;;;
9108;465;TENENCIA CARRETERAS CAUTIN NORTE;RUTA 5 SUR KM 654.8;452466116;Tenencia;;;;;
9108;466;1A COMISARIA DE LAUTARO;BALMACEDA N 1094;452466096;Comisaria;;;;;
9108;467;RETEN DOLLINCO;RUTA S11 KM. 29;452466118;Reten;;;;;
9107;468;TENENCIA GORBEA;BERNARDO O HIGGINS N 209;452466251;Tenencia;;;;;
9107;469;RETEN QUITRATUE;GUERRA N 660;452466253;Reten;;;;;
9107;470;RETEN LASTARRIA;VILLA ALEGRE N 201;452466254;Reten;;;;;
9106;471;TENENCIA GALVARINO;LEON GALLO N 406;452466113;Tenencia;;;;;
9105;472;RETEN QUEPE;ERNESTO RIQUELME S/N;452466174;Reten;;;;;
9105;473;TENENCIA FREIRE;PEDRO CAMALEZ S/N;452466256;Tenencia;;;;;
9105;474;RETEN RADAL;ARTURO PRAT N 290;452466258;Reten;;;;;
9104;475;RETEN REIGOLIL (F);CAMINO PUBLICO S/N;452466308;Reten;;;;;
9104;476;RETEN CATRIPULLI;RUTA S199 KM. 104;452466307;Reten;;;;;
9104;477;TENENCIA CURARREHUE (F);BERNARDO OHIGGINS N 603;452466304;Tenencia;;;;;
9103;478;RETEN LOS LAURELES;CALLE ARTEMIO GUTIeRREZ N 305;452466185;Reten;;;;;
9103;479;RETEN LAS HORTENSIAS;AVENIDA FLOR ESQUINA CALLE LUZ;452466183;Reten;;;;;
9103;480;SUBCOMISARiA CUNCO;SANTA MARiA N 181;452466180;Subcomisaria;;;;;
9102;481;RETEN TROVOLHUE;ROMILIO ADRIAZOLA S/N;452466221;Reten;;;;;
9102;482;RETEN NEHUENTUE;ARAUCO N 380;452466212;Reten;;;;;
9102;483;SUBCOMISARiA CARAHUE;ERCILLA N 190;452466214;Subcomisaria;;;;;
9101;484;TENENCIA LABRANZA;UNO NORTE N 430;452466331;Tenencia;;;;;
9101;485;8A COMISARIA TEMUCO;VALLE DE ROBLES N 910;452466317;Comisaria;;;;;
9101;486;1A COMISARIA FUERZAS ESPECIALES TEMUCO;SANTA TERESA 1280, TEMUCO;452466810;Comisaria;;;;;
9101;487;PREFECTURA CAUTIN;LUIS CLARO SOLAR N 1284;452466029;Prefectura;;;;;
9101;488;TENENCIA FAMILIA E INFANCIA ARAUCANiA;PIRCUNCHE N 0370;452466147;Tenencia;;;;;
8314;489;TENENCIA BIO BIO (F);AV. PITRIL, S/N;432243139;Tenencia;;;;;
8313;490;5A. COMISARiA YUMBEL;GENERAL CRUZ N 600;432243142;Comisaria;;;;;
8313;491;RETEN CENTINELA;IGNACIO CARRERA PINTO N 315;432243157;Reten;;;;;
8312;492;TENECIA HUEPIL;SAN FRANCISCO N 71;432243131;Tenencia;;;;;
8312;493;RETEN TUCAPEL;LAUTARO N 379;432243133;Reten;;;;;
8311;494;4A. COMISARiA DE SANTA BaRBARA;ARTURO PRAT N 179;432243106;Comisaria;;;;;
8310;495;RETEN SAN ROSENDO;ALMIRANTE LATORRE N 355;432243162;Reten;;;;;
8309;496;RETEN QUILLECO;CALLE BARROS ARANA N 680;432243129;Reten;;;;;
8308;497;RETEN QUILACO;ARTURO PRAT N 1280;432243080;Reten;;;;;
8308;498;RETEN RUCALHUE;JUAN CORONATA MARENCO N 326;432243082;Reten;;;;;
8307;499;TENENCIA NEGRETE;AV. NESTOR DEL RIO N 290;432243103;Tenencia;;;;;
8306;500;3A. COMISARiA DE NACIMIENTO;GENERAL BULNES N 39;432243084;Comisaria;;;;;
8305;501;2A. COMISARiA DE MULCHeN;AVENIDA. SALVO N 619;432243061;Comisaria;;;;;
8304;502;SUBCOMISARiA LAJA;BALMACEDA N 541;432243178;Subcomisaria;;;;;
8303;503;SUBCOMISARiA CABRERO;MANUEL PALACIOS N 906;432243168;Subcomisaria;;;;;
8303;504;RETEN MONTE AGUILA;CALLE ZAARTU N 25;432243176;Reten;;;;;
8302;505;TENENCIA ANTUCO (F);RUTA Q45 KM 63;432243127;Tenencia;;;;;
8301;506;PREFECTURA BIO BIO;RICARDO VICUA N 405;432243000;Prefectura;;;;;
8301;507;SUBCOMISARiA CABO 1 SEPULVEDA PARRAGUEZ;CALLE OROMPELLO N 1545;432243240;Subcomisaria;;;;;
8301;508;TENENCIA CENTENARIO;DIEGO DE ALMAGRO N 1475;432243047;Tenencia;;;;;
8207;509;SUBCOMISARiA TIRUA;GUERRERO N 21;412141450;Subcomisaria;;;;;
8206;510;SUBCOMISARA LOS ALAMOS;AVENIDA IGNACIO PINTO N 665;412141519;Subcomisaria;;;;;
8205;511;4A. COMISARiA DE CURANILAHUE;CALLE RAMON ZAMORA INTERIOR S/N INTERIOR;412141460;Comisaria;;;;;
8204;512;TENENCIA CONTULMO;LOS NOTROS N 15;412141457;Tenencia;;;;;
8203;513;3A. COMISARiA DE CAETE;CALLE CORNELIO SAAVEDRA N 792;422141434;Comisaria;;;;;
8202;514;1A. COMISARiA DE ARAUCO;CALLE ESMERALDA ESQ. TUCAPEL S/N.;412141394;Comisaria;;;;;
8202;515;RETEN CARAMPANGUE;VICENTE MILAN N 142;412141408;Reten;;;;;
8112;516;4A. COMISARiA DE HUALPeN;AVENIDA ALEMANIA N 2485;412141344;Comisaria;;;;;
8111;517;1A. COMISARiA DE TOMe;CALLE MARIANO EGANAA N 1033;412141278;Comisaria;;;;;
8110;518;PREFECTURA TALCAHUANO;BLANCO ENCALADA N 720;412141254;Prefectura;;;;;
8109;519;TENENCIA SANTA JUANA;LAUTARO N 13;412141148;Tenencia;;;;;
10107;520;RETEN LOS PELLINES;RUTA 5 SUR KM 989;652765147;RETEN;;;;;
10107;521;RETEN LONCOTORO;LENIA BALMACEDA S/N;652765146;RETEN;;;;;
10107;522;COMISARIA LLANQUIHUE;LOS VOLCANES S/N;652765139;SUBCOMISARIA;;;;;
10108;523;RETEN QUENUIR;IGNACIO SERRANO S/N;652765216;RETEN;;;;;
10108;524;RETEN LA PASADA;KM. 89 RUTA V460 LA PASADA;652765218;RETEN;;;;;
10108;525;3A. COMISARIA DE MAULLIN;BERNARDO OHIGGINS N 491;652762197;COMISARIA;;;;;
10108;526;RETEN OLMOPULLI;KM.54 RUTA V860, CRUCE RUTA V861;652765217;RETEN;;;;;
10108;527;TENENCIA CAREMALPU;BERNARDO OHIGGINS S/N;652765224;TENENCIA;;;;;
10109;528;TENENCIA CASA PANGUE (F);RUTA CH225 KM. 18;652765122;TENENCIA;;;;;
10109;529;TENENCIA ENSENADA;RUTA CH225 KM 43 S.N;652765133;TENENCIA;;;;;
10109;530;RETEN RIO PESCADO;RUTA CH225 KM 19;652765120;RETEN;;;;;
10109;531;1A. COMISARIA DE PUERTO VARAS;SAN FRANCISCO N 241;652765100;COMISARIA;;;;;
10109;532;TENENCIA CARRETERA LLANQUIHUE;RUTA 5 SUR KM 1010;652765125;TENENCIA;;;;;
10109;533;RETEN NUEVA BRAUNAU;CALLE OTTO KLEIN ESQUINA LA BOMBA;652765119;RETEN;;;;;
10201;534;PREFECTURA CHILOE N 26;DIEGO PORTALES N 440;652765304;PREFECTURA;;;;;
10202;535;COMISARIA DE ANCUD;Baquedano N 370;652765338;COMISARIA;;;;;
10202;536;TENENCIA CHACAO;SOMMERMIER N 215;652765359;TENENCIA;;;;;
10202;537;TENENCIA CHILOE (M.C);RUTA 5 SUR KM 1143;652765362;TENENCIA;;;;;
10203;538;TENENCIA CHONCHI;PEDRO AGUIRRE CERDA N 224;652765385;TENENCIA;;;;;
10204;539;RETEN CURACO DE VELEZ;GALVARINO RIVEROS N 240;652765404;RETEN;;;;;
10205;540;TENENCIA DALCAHUE;AVENIDA MOCOPULLI N 025;652765683;TENENCIA;;;;;
10206;541;RETEN PUQUELDON;CALLE TENIENTE MERINO S/N;652765387;RETEN;;;;;
10207;542;RETEN QUEILEN;BALMACEDA N 83;652765388;RETEN;;;;;
10208;543;6A. COMISARIA QUELLON (S.U);JUAN LADRILLEROS N 561;652765500;COMISARIA;;;;;
10209;544;RETEN QUEMCHI;PEDRO MONTT N 300;652765364;RETEN;;;;;
10209;545;RETEN MECHUQUE;VILLA MECHUQUE S/N;652765358;RETEN;;;;;
10210;546;SUBCOMISARIA ACHAO;RICARDO JARA N 12;652765397;SUBCOMISARIA;;;;;
10210;547;RETEN ISLA QUENAC;SECTOR LA VILLA S/N;652765405;RETEN;;;;;
10301;548;RETEN CANCURA;CALLE LAS ROSAS S/N;642664129;RETEN;;;;;
10301;549;RETEN ELEUTERIO RAMIREZ;RUTA CH215 KM. 14;642664128;RETEN;;;;;
10301;550;TENENCIA CARRETERA OSORNO;RUTA 5 SUR, KM 926 LAS QUEMAS;642664200;TENENCIA;;;;;
10301;551;1A. COMISARIA OSORNO;JUSTO GEISSE N 846;642664032;COMISARIA;;;;;
10301;552;RETEN OVEJERIA;CALLE COLBUN N 740;642664066;RETEN;;;;;
10301;553;3A. COMISARIA OSORNO(S.U);CALLE GUATEMALA ESQ. PILCO MAYO, RAHUE ALTO.;642664105;COMISARIA;;;;;
10301;554;RETEN PAMPA ALEGRE;HEROES DE LA CONCEPCION N 581;642664126;RETEN;;;;;
10301;555;SUBCOMISARIA RAHUE ALTO;IQUIQUE N 440;642664134;SUBCOMISARIA;;;;;
10302;556;RETEN LAS CASCADAS;VICENTE PEREZ ROSALES N 123;642664101;RETEN;;;;;
10302;557;RETEN RUPANCO;SECTOR LOS PUENTES S/N RUTA U911, KM 20;642664103;RETEN;;;;;
10302;558;TENENCIA PUERTO OCTAY;GERMAN WULF N 797;642664099;TENENCIA;;;;;
10303;559;RETEN CRUCERO;VEINTIUNO DE MAYO N 7;642664097;RETEN;;;;;
10303;560;RETEN CORTE ALTO;BERNARDO OHIGGINS N 128;642664096;RETEN;;;;;
10303;561;SUBCOMISARIA PURRANQUE;ELEUTERIO RAMIREZ N 460;642664089;SUBCOMISARIA;;;;;
10304;562;TENENCIA PAJARITOS (F);RUTA CH215, KM. 95;642664141;TENENCIA;;;;;
10304;563;TENENCIA ENTRE LAGOS;HERIBERTO NOVOA CON RUTA CH215;642664131;TENENCIA;;;;;
10305;564;2A. COMISARIA DE RIO NEGRO;BERNARDO OHIGGINS N 520;642664068;COMISARIA;;;;;
10305;565;RETEN RIACHUELO;PEDRO DE VALDIVIA N 567;642664087;RETEN;;;;;
10306;566;RETEN SAN JUAN DE LA COSTA;RUTA U300, KM. 28;642664124;RETEN;;;;;
10306;567;RETEN BAHIA MANSA;RUTA U40 KM 58;642664125;RETEN;;;;;
10307;568;TENENCIA SAN PABLO;TRALMAHUE N 504;642664144;TENENCIA;;;;;
10307;569;RETEN TRUMAO;RUTA U10, KM. 18;642664148;RETEN;;;;;
10307;570;RETEN QUILACAHUIN;RUTA U170, KM. 12;642664147;RETEN;;;;;
10401;571;RETEN AYACARA(F);RUTA W813 SECTOR AYACARA S/N;652765443;RETEN;;;;;
10401;572;4A COMISARIA DE CHAITEN(F);ALMIRANTE RIVEROS N 317;652765426;COMISARIA;;;;;
10402;573;3A. COMISARIA DE FUTALEUFU (F);Bernardo OHiggins N 516;652765409;COMISARIA;;;;;
10402;574;TENENCIA EL LIMITE (F);RUTA CH231 KM. 55;652765423;TENENCIA;;;;;
10403;575;RETEN CONTAO;RUTA 7 CARRETERA AUSTRAL KM 55;652765280;RETEN;;;;;
10403;576;TENENCIA HORNOPIREN (F);INGENIERO MILITAR S/N;652765277;TENENCIA;;;;;
10403;577;RETEN VODUDAHUE (F);CAMINO LONGITUDINAL RUTA 7 S/N;652765281;RETEN;;;;;
10404;578;TENENCIA RIO ENCUENTRO (F);RUTA INTERNACIONAL CH235, KM. 80;652765462;TENENCIA;;;;;
10404;579;5A. COMISARIA DE PALENA(F);CALLE PEDRO MONTT N 765;652765445;COMISARIA;;;;;
10404;580;RETEN VALLE CALIFORNIA (F);RUTA W895, KM. 11;652765465;RETEN;;;;;
11101;581;RETEN PUESTO VIEJO;GERONIMO DE ALDERETE S/N VILLA NIREHUAO;672567103;RETEN;;;;;
11101;582;RETEN VILLA ORTEGA;RUTA 7 NORTE KM 32 VILLA ORTEGA;672567097;RETEN;;;;;
11101;583;TENENCIA COYHAIQUE ALTO;RUTA CH243 KM. 45;672567099;TENENCIA;;;;;
11101;584;RETEN LAGO CASTOR;RUTA X595 KM. 15. SECTOR LAGO CASTOR;672567102;RETEN;;;;;
11101;585;PREFECTURA DE AYSEN;CALLE ESMERALDA N 522;672567021;PREFECTURA;;;;;
11101;586;SUBCOMISARIA EL BLANCO;RUTA 7 SUR KM 33;672567290;SUBCOMISARIA;;;;;
11101;587;TENENCIA BALMACEDA;LOS CARRERA N 1355;672567105;TENENCIA;;;;;
11102;588;RETEN LAGO VERDE;LOS PIONEROS N 52;672567141;RETEN;;;;;
11102;589;RETEN RIO CISNES;RUTA X 25 KM. 90 ALTO RiO CISNES;672567096;RETEN;;;;;
11102;590;RETEN VILLA LA TAPERA;LOS PIONEROS CON P. A. RONCHI;672567210;RETEN;;;;;
11201;591;RETEN VILLA MANIHUALES;EUSEBIO IBAR N 1406;672567128;RETEN;;;;;
11201;592;RETEN PUERTO AGUIRRE;PEDRO AGUIRRE CERDA N 337;672567127;RETEN;;;;;
11201;593;2A. COMISARIA DE PUERTO AYSEN;BERNARDO OHIGGINS N 553;672567260;COMISARIA;;;;;
11201;594;RETEN PUERTO CHACABUCO;JOSE MARIA CARO N 335;672567129;RETEN;;;;;
11201;595;5A. COMISARIA C.O.P. AYSEN;CALLE ALMIRANTE SIMPSON N 2561;672567093;COMISARIA;;;;;
11201;596;4A. COMISARIA COCHRANE;ESMERALDA N 522;67267166;COMISARIA;;;;;
11202;597;RETEN RAUL MARIN BALMACEDA;AV. COSTANERA S/N;672567140;RETEN;;;;;
11202;598;TENENCIA LA JUNTA;RUTA 7 CARRETERA AUSTRAL KM 268;672567135;TENENCIA;;;;;
11202;599;RETEN PUYUHUAPI;CALLE OTTO UEBEL S/NRO;672567139;RETEN;;;;;
11202;600;SUBCOMISARIA PUERTO CISNES;JOSE MARIA CARO N 74;672567205;SUBCOMISARIA;;;;;
11203;601;RETEN MELINKA;COSTANERA S/N;672567133;RETEN;;;;;
11301;602;RETEN ENTRADA BAKER;KILOMETRO N 63, RUTA INTERNACIONAL X83;672567183;RETEN;;;;;
11301;603;4A. COMISARIA COCHRANE;CALLE ESMERALDA N 522;672567164;COMISARIA;;;;;
11302;604;TENENCIA RIO MAYER;RIVERA NORTE RIO MAYER S/N;672567196;TENENCIA;;;;;
11302;605;SUBCOMISARIA VILLA OHIGGINS;TENIENTE HERNAN MERINO S/N;672567189;SUBCOMISARIA;;;;;
11302;606;TENENCIA TTE. HERNAN MERINO CORREA;KILOMETRO N 01, RUTA X915;672567186;TENENCIA;;;;;
11303;607;RETEN CALETA TORTEL;SECTOR CENTRO S/N;672567184;RETEN;;;;;
11401;608;3A.COMISARIA DE CHILE CHICO;Bernardo OHiggins N 506;672567143;COMISARIA;;;;;
11401;609;RETEN PUERTO GUADAL;CALLE LAS CAMELIAS N 430;672567162;RETEN;;;;;
11402;610;TENENCIA PUERTO INGENIERO IBANEZ;AVENIDA GENERAL CARRERA N 19;672567089;TENENCIA;;;;;
11402;611;RETEN RIO TRANQUILO;CALLE EL SALTO N 359;672567091;RETEN;;;;;
12101;612;TENENCIA KON AIKEN;RUTA 9 NORTE KM 32;612761115;TENENCIA;;;;;
12101;613;SUBCOMISARIA RIO SECO;RUTA 9 NORTE KM. 13,5;612761127;SUBCOMISARIA;;;;;
12101;614;PREFECTURA MAGALLANES;JUEZ WALDO SEGUEL N 653;612761054;PREFECTURA;;;;;
12101;615;1A COMISARIA DE PUNTA ARENAS;PEREZ DE ARCE ESQUINA CALLE MATEO TORO Y ZAMBRANO, S/N.;612761096;COMISARIA;;;;;
12101;616;SUBCOMISARIA I.A.T PUNTA ARENAS;RUTA 9 SUR KM 5.5;612761034;SUBCOMISARIA;;;;;
12101;617;RETEN AGUA FRESCA;RUTA 9 SUR KM. 29;612761114;RETEN;;;;;
12102;618;RETEN MORRO CHICO;RUTA 9 NORTE KM. 146;612761120;RETEN;;;;;
12102;619;RETEN VILLA TEHUELCHEN;SANTIAGO ALVAREZ N 1;612761119;RETEN;;;;;
12104;620;RETEN TENIENTE HERNAN MERINO CORREA;RUTA Y455 KM 70;612761126;RETEN;;;;;
12104;621;TENENCIA MONTE AYMOND;RUTA CH255 KM. 141;612761122;TENENCIA;;;;;
12104;622;RETEN CANADON GRANDE;RUTA Y545 KM 22;612761125;RETEN;;;;;
12201;623;TENENCIA YENDEGAIA;CALETA DOS DE MAYO S/N;612761136;TENENCIA;;;;;
12201;624;4A. COMISARIA PUERTO WILLIAMS;PILOTO PARDO N 287;612761221;COMISARIA;;;;;
12201;625;RETEN PUERTO TORO;AGUSTIN GALLARDO S/N;612761135;RETEN;;;;;
12301;626;3A. COMISARIA DE PORVENIR;CHILOE N 880;612761171;COMISARIA;;;;;
12301;627;TENENCIA SAN SEBASTIAN;RUTA CH257, KM. 177;612761190;TENENCIA;;;;;
12302;628;TENENCIA CERRO SOMBRERO;ARTURO PRAT N 737;612761195;TENENCIA;;;;;
12303;629;RETEN PAMPA GUANACO;RUTA Y851, KM. 132;612761193;RETEN;;;;;
12401;630;RETEN PUERTO EDEN;RIBERA SUR S/N. PTO. EDEN;612761250;RETEN;;;;;
12401;631;RETEN DOROTEA;RUTA CH250 KM. 11.380;612761169;RETEN;;;;;
12401;632;SUBCOMISARIA CASAS VIEJAS;RUTA 9 SUR KM 231;612761160;SUBCOMISARIA;;;;;
12401;633;2A. COMISARIA DE PUERTO NATALES;TOMAS ROGERS N 274;612761139;COMISARIA;;;;;
12402;634;RETEN CERRO GUIDO;RUTA 9 NORTE KM 350;612761168;RETEN;;;;;
12402;635;RETEN TORRES DEL PAINE;RUTA 9 NORTE KM. 305;612761167;RETEN;;;;;
13101;636;4A. COMISARIA SANTIAGO CENTRAL SUR;CHILOE NRO. 1472;229223790;COMISARIA;;;;;
13101;637;2A COMISARIA SANTIAGO CENTRAL SUR;TOESCA NRO. 2345;229223730;COMISARIA;;;;;
13101;638;48VA COMISARIA FAMILIA E INFANCIA;CALLE DIECIOCHO N 268;229224890;COMISARIA;;;;;
13101;639;28A COMISARIA C.O.P.;SAN ISIDRO NRO. 330;229224700;COMISARIA;;;;;
13101;640;35VA COMISARIA DELITOS SEXUALES;AV. ITALIA 1100;229224860;COMISARIA;;;;;
13101;641;RETEN CASA MONEDA;AVENIDA PORTALES N 3586;229224255;RETEN;;;;;
13101;642;3A COMISARIA DE SANTIAGO CENTRAL NORTE;PASAJE ELIAS FERNANDEZ ALBANO N 165;229223760;COMISARIA;;;;;
13101;643;1A COMISARIA SANTIAGO CENTRAL NORTE;SANTO DOMINGO NRO. 714;229223700;COMISARIA;;;;;
13101;644;32A COMISARIA DEL TRANSITO;SANTO DOMINGO N 1188;229223820;COMISARIA;;;;;
13101;645;PREFECTURA SANTIAGO CENTRAL NORTE;AMUNATEGUI N 519;229223860;PREFECTURA;;;;;
13101;646;JEFATURA ZONA METROPOLITANA;AMUNATEGUI N 519;229223600;JEFATURA;;;;;
13101;647;TENENCIA PARQUE METROPOLITANO;AV. EL CERRO / PEDRO DE VALDIVIA NORTE;133;TENENCIA;;;;;
13102;648;34A COMISARIA VISTA ALEGRE;LAS TORRES NRO. 7488;229224830;COMISARIA;;;;;
13102;649;SUBCOMISARIA CERRILLOS;BUZETA N 3986;229224465;SUBCOMISARIA;;;;;
13103;650;45A COMISARIA DE CERRO NAVIA;LOS CONQUISTADORES N 7350;229224600;COMISARIA;;;;;
13104;651;5A COMISARIA DE CONCHALI;GENERAL GAMBINO N 3731;229223890;COMISARIA;;;;;
13104;652;RETEN ENEAS GONEL;ARMANDO CARRERA N 4041;229223915;RETEN;;;;;
13105;653;39A COMISARIA EL BOSQUE;LOS RAULIES N 11240, ESQUINA STA. ELENA;229223130;COMISARIA;;;;;
13105;654;TENENCIA EL BOSQUE PONIENTE;EL PILLAN N 1266;229223155;TENENCIA;;;;;
13106;655;21A COMISARIA DE ESTACION CENTRAL;ECUADOR NRO. 4050;229224220;COMISARIA;;;;;
13106;656;58A COMISARIA POBLACION ALESSANDRI;ANTARTICA NRO. 4701;229226130;COMISARIA;;;;;
13107;657;54A COMISARIA DE HUECHURABA;RECOLETA N 5560;229224160;COMISARIA;;;;;
13108;658;SUBCOMISARIA VILLA MODERNA;CORONEL ALVARADO N 2450;229224085;SUBCOMISARIA;;;;;
13108;659;TENENCIA JUAN ANTONIO RIOS;SARA GAJARDO N 940;229224095;TENENCIA;;;;;
13109;660;PREFECTURA SANTIAGO SUR;JOSE MIGUEL CARRERA N 6868;229222840;PREFECTURA;;;;;
13110;661;61A COMISARIA CABO 2DO PABLO SILVA PIZARRO;DEPARTAMENTAL N 3273;229226315;COMISARIA;;;;;
13110;662;SUBCOMISARIA LOS QUILLAYES;GALVARINO N 4430;229223380;SUBCOMISARIA;;;;;
13111;663;TENENCIA TTE. MAURICIO RIVERA LOPEZ;AVENIDA LA SERENA N 10537;229223255;TENENCIA;;;;;
13111;664;13A. COMISARIA DE LA GRANJA;PADRE JUAN MEYER N 851;229223220;COMISARIA;;;;;
13112;665;41A. COMISARIA LA PINTANA;BALDOMERO LILLO N 1901;229223400;COMISARIA;;;;;
13112;666;TENENCIA EL CASTILLO;PRIMAVERA N 3741;323132373;TENENCIA;;;;;
13113;667;16A COMISARIA LA REINA;ECHENIQUE NRO. 8428;229222600;COMISARIA;;;;;
13114;668;SUBCOMISARIA SERVICIOS DIPLOMATICOS;CALLE POLOBANDA NRO. 1941;229225430;SUBCOMISARIA;;;;;
13114;669;47A COMISARIA LOS DOMINICOS;CAMINO EL ALBA NRO. 9210;229222780;COMISARIA;;;;;
13115;670;53A COMISARIA DE LO BARNECHEA;AVENIDA LO BARNECHEA NRO. 1119;229222810;COMISARIA;;;;;
13116;671;11A COMISARIA DE LO ESPEJO;CARDENAL CARO NRO. 3971;229222910;COMISARIA;;;;;
13116;672;TENENCIA SANTA ADRIANA;LO OVALLE N 24801;229222950;TENENCIA;;;;;
13117;673;44A COMISARAI DE LO PRADO;SAN PABLO N 5829;229224570;COMISARIA;;;;;
13118;674;46A. COMISARIA MACUL;AVENIDA ESCUELA AGRICOLA NRO. 2340;229223460;COMISARIA;;;;;
13119;675;25A COMISARIA MAIPU;BAILEN NRO. 2185;229224440;COMISARIA;;;;;
13120;676;ZONA METROPOLITANA ESTE;GENERAL JOSE ALEJANDRO BERNALES N 5147;229226000;ZONA;;;;;
13121;677;TENENCIA PEDRO AGUIRRE CERDA;CLUB HIPICO N 6035;229222940;TENENCIA;;;;;
13122;678;SUBCOMISARIA PENALOLEN;AVENIDA. LOS PRESIDENTES N 6799;229223565;SUBCOMISARIA;;;;;
13123;679;SUBCOMISARIA PROVIDENCIA SUR;Av. Los Leones 1871;229222714;SUBCOMISARIA;;;;;
13124;680;SUBCOMISARIA PUDAHUEL NORTE;EL ARADO N 9033;229224525;SUBCOMISARIA;;;;;
13125;681;49A COMISARIA DE QUILICURA;CALLE CABO 1RO. CARLOS CUEVAS GOLMO N 526;229224130;COMISARIA;;;;;
13126;682;22A COMISARIA DE QUINTA NORMAL;SANTO DOMINGO NRO. 4390;229224260;COMISARIA;;;;;
13127;683;TENENCIA JOSE SANTOS OSSA;JOSE SANTOS OSSA N 3401;229223970;TENENCIA;;;;;
13128;684;7A COMISARIA DE RENCA;BLANCO ENCALADA NRO. 1337;229223980;COMISARIA;;;;;
13129;685;50A COMISARIA DE SAN JOAQUIN;CARLOS VALDOVINOS N 282;229223490;COMISARIA;;;;;
13130;686;12A COMISARIA DE SAN MIGUEL;GRAN AVENIDADA JOSE MIGUEL N 3868;229222960;COMISARIA;;;;;
13131;687;31A COMISARIA DE SAN RAMON;VICUNA MACKENNA N 1759;229223104;COMISARIA;;;;;
13132;688;PREFECTURA SANTIAGO ANDES;Avenida Santa Maria, 6694;229226020;PREFECTURA;;;;;
13201;689;38A COMISARIA DE PUENTE ALTO;CONCHA Y TORO N 3399;229223320;COMISARIA;;;;;
13201;690;20A COMISARIA DE PUENTE ALTO;BALMACEDA 431;229223260;COMISARIA;;;;;
13202;691;65A COMISARIA PIRQUE;CONCHA Y TORO N 02510;229226280;COMISARIA;;;;;
13203;692;TENENCIA SAN GABRIEL;RUTA G25 KM 56;229223315;TENENCIA;;;;;
13301;693;SUBCOMISARIA CHICUREO;AV. DEL VALLE S/N LOTE A;229226615;SUBCOMISARIA;;;;;
13302;694;TENENCIA CARRETERA LAMPA;RUTA 5 NORTE KM 27;229223887;TENENCIA;;;;;
13303;695;TENENCIA TILTIL;JOSE MANUEL AGUILAR S/N;229224040;TENENCIA;;;;;
13303;696;RETEN RUNGUE;ESTACION S/N;229224051;RETEN;;;;;
13401;697;PREFECTURA DEL MAIPO;BULNES N 945;229225460;PREFECTURA;;;;;
13402;698;TENENCIA LINDEROS;FRANCISCO JAVIER KRUGGER N 3717;229223080;TENENCIA;;;;;
13403;699;SUBCOMISARIA CALERA DE TANGO;AVENIDA CALERA DE TANGO PARADERO 5 S/N;229223025;SUBCOMISARIA;;;;;
13404;700;64A COMISARIA PAINE;AVENIDA. 18 DE SEPTIEMBRE N 21;229225440;COMISARIA;;;;;
13501;701;24A COMISARIA DE MELIPILLA;ORTUZAR NRO. 674;229224370;COMISARIA;;;;;
13502;702;TENENCIA VILLA ALHUE;CALLE 18 DE SEPTIEMBRE S/N;229224418;TENENCIA;;;;;
13503;703;63 COMISARIA CURACAVI;AMBROSIO OHIGGINS N 2211;229226450;COMISARIA;;;;;
13504;704;TENENCIA MARIA PINTO;AVENIDA FRANCISCO COSTABAL N 615;229224422;TENENCIA;;;;;
13505;705;TENENCIA SAN PEDRO;AVENIDA SAN PEDRO N 13;229224426;TENENCIA;;;;;
13601;706;23A COMISARIA TALAGANTE;BOMBERO HERNAN AVILES GONZALEZ NRO. 875;229224310;COMISARIA;;;;;
13602;707;SUBCOMISARIA EL MONTE;LIBERTADORES N 223;229224395;SUBCOMISARIA;;;;;
13603;708;RETEN LA ISLITA;BALMACEDA N 3156;229224364;RETEN;;;;;
13604;709;SUBCOMISARIA PADRE HURTADO;SAN ALBERTO HURTADO N 2333;229224483;SUBCOMISARIA;;;;;
13605;710;56A COMISARIA PENAFLOR;CALLE 18 DE SEPTIEMBRE N 169;229225640;COMISARIA;;;;;
13605;711;TENENCIA MALLOCO;BALMACEDA N 103;229224345;TENENCIA;;;;;
